followee ,follower_count,active_followers,active_follower_rate
1,77,43,55.84415584415584
2,76,42,55.26315789473685
3,76,42,55.26315789473685
4,76,42,55.26315789473685
5,76,41,53.94736842105263
6,76,43,56.57894736842105
7,77,42,54.54545454545454
8,76,42,55.26315789473685
9,76,42,55.26315789473685
10,76,42,55.26315789473685
11,76,42,55.26315789473685
12,76,42,55.26315789473685
13,76,42,55.26315789473685
14,76,42,55.26315789473685
15,76,42,55.26315789473685
16,76,42,55.26315789473685
17,76,42,55.26315789473685
18,76,42,55.26315789473685
19,76,42,55.26315789473685
20,76,42,55.26315789473685
21,76,42,55.26315789473685
22,76,42,55.26315789473685
23,77,43,55.84415584415584
24,76,42,55.26315789473685
25,77,42,54.54545454545454
26,76,42,55.26315789473685
27,76,42,55.26315789473685
28,76,42,55.26315789473685
29,77,42,54.54545454545454
30,76,42,55.26315789473685
31,76,42,55.26315789473685
32,76,42,55.26315789473685
33,76,42,55.26315789473685
34,77,42,54.54545454545454
35,76,42,55.26315789473685
36,76,42,55.26315789473685
37,76,42,55.26315789473685
38,76,42,55.26315789473685
39,76,42,55.26315789473685
40,76,42,55.26315789473685
41,76,42,55.26315789473685
42,76,42,55.26315789473685
43,76,41,53.94736842105263
44,76,42,55.26315789473685
45,77,43,55.84415584415584
46,76,42,55.26315789473685
47,76,42,55.26315789473685
48,76,42,55.26315789473685
49,77,43,55.84415584415584
50,76,42,55.26315789473685
51,77,43,55.84415584415584
52,76,42,55.26315789473685
53,77,43,55.84415584415584
54,76,42,55.26315789473685
55,76,41,53.94736842105263
56,76,41,53.94736842105263
57,76,41,53.94736842105263
58,77,42,54.54545454545454
59,77,42,54.54545454545454
60,76,41,53.94736842105263
61,76,41,53.94736842105263
62,76,41,53.94736842105263
63,76,41,53.94736842105263
64,77,42,54.54545454545454
65,76,41,53.94736842105263
66,76,41,53.94736842105263
67,76,41,53.94736842105263
68,77,42,54.54545454545454
69,76,41,53.94736842105263
70,76,41,53.94736842105263
71,76,41,53.94736842105263
72,76,41,53.94736842105263
73,76,41,53.94736842105263
74,77,42,54.54545454545454
75,76,41,53.94736842105263
76,76,42,55.26315789473685
77,77,43,55.84415584415584
78,76,42,55.26315789473685
79,76,42,55.26315789473685
80,77,43,55.84415584415584
81,77,43,55.84415584415584
82,76,42,55.26315789473685
83,77,43,55.84415584415584
84,76,42,55.26315789473685
85,76,42,55.26315789473685
86,77,43,55.84415584415584
87,76,42,55.26315789473685
88,77,43,55.84415584415584
89,77,43,55.84415584415584
90,77,43,55.84415584415584
91,76,42,55.26315789473685
92,76,42,55.26315789473685
93,76,42,55.26315789473685
94,76,42,55.26315789473685
95,76,42,55.26315789473685
96,76,42,55.26315789473685
97,76,42,55.26315789473685
98,76,42,55.26315789473685
99,76,42,55.26315789473685
100,76,42,55.26315789473685
