tag text,usage_count,total_likes,avg_likes,total_comments,avg_comments,avg_engagement
delicious,15,524,34.93333333333333,455,30.333333333333332,65.26666666666667
beauty,20,699,34.95,604,30.2,65.15
foodie,11,382,34.72727272727273,329,29.90909090909091,64.63636363636364
sunset,19,650,34.21052631578947,574,30.210526315789473,64.42105263157895
stunning,16,559,34.9375,469,29.3125,64.25
food,24,812,33.833333333333336,727,30.291666666666668,64.125
photography,16,552,34.5,472,29.5,64.0
dreamy,20,715,35.75,563,28.15,63.9
smile,59,2033,34.45762711864407,1725,29.23728813559322,63.69491525423729
party,39,1323,33.92307692307692,1151,29.512820512820515,63.43589743589744
beach,42,1448,34.476190476190474,1216,28.952380952380953,63.42857142857143
style,17,586,34.470588235294116,490,28.823529411764707,63.294117647058826
landscape,17,571,33.588235294117645,505,29.705882352941178,63.294117647058826
drunk,19,647,34.05263157894737,551,29.0,63.05263157894737
sunrise,17,574,33.76470588235294,497,29.235294117647058,63.0
lol,24,821,34.208333333333336,691,28.791666666666668,63.0
happy,22,761,34.59090909090909,625,28.40909090909091,63.0
fun,38,1301,34.23684210526316,1089,28.657894736842106,62.89473684210526
hair,23,794,34.52173913043478,652,28.347826086956523,62.869565217391305
concert,24,825,34.375,676,28.166666666666668,62.541666666666664
fashion,19,640,33.68421052631579,548,28.842105263157894,62.526315789473685
