id,image link,user ID,created dat,Insta filter used,photo type,posting_hour,posting_day,posting_date,likes,comments,followers,total_engagement,engagement_rate
1,http://elijah.biz,1,2023-04-13 08:04:00,yes,photo,8,Thursday,2023-04-13,25,25,77,50,64.93506493506493
2,https://shanon.org,1,2023-04-13 08:04:00,no,photo,8,Thursday,2023-04-13,36,31,77,67,87.01298701298701
3,http://vicky.biz,1,2023-04-13 08:04:00,no,photo,8,Thursday,2023-04-13,38,27,77,65,84.4155844155844
4,http://oleta.net,1,2023-04-13 08:04:00,no,photo,8,Thursday,2023-04-13,38,32,77,70,90.9090909090909
5,https://jennings.biz,1,2023-04-13 08:04:00,yes,photo,8,Thursday,2023-04-13,31,27,77,58,75.32467532467533
6,https://quinn.biz,2,2023-04-13 08:04:00,yes,photo,8,Thursday,2023-04-13,31,29,76,60,78.94736842105263
7,https://selina.name,2,2023-04-13 08:04:00,yes,photo,8,Thursday,2023-04-13,38,27,76,65,85.52631578947368
8,http://malvina.org,2,2023-04-13 08:04:00,yes,photo,8,Thursday,2023-04-13,27,38,76,65,85.52631578947368
9,https://branson.biz,2,2023-04-13 08:04:00,no,photo,8,Thursday,2023-04-13,31,25,76,56,73.68421052631578
10,https://elenor.name,3,2023-04-13 08:04:00,yes,photo,8,Thursday,2023-04-13,30,24,76,54,71.05263157894737
11,https://marcelino.com,3,2023-04-13 08:04:00,no,video,8,Thursday,2023-04-13,33,27,76,60,78.94736842105263
12,http://felicity.name,3,2023-04-13 08:04:00,no,photo,8,Thursday,2023-04-13,29,27,76,56,73.68421052631578
13,https://fred.com,3,2023-04-13 08:04:00,no,photo,8,Thursday,2023-04-13,40,39,76,79,103.94736842105263
14,https://gerhard.biz,4,2023-04-13 08:04:00,yes,photo,8,Thursday,2023-04-13,35,27,76,62,81.57894736842105
15,https://sherwood.net,4,2023-04-13 08:04:00,yes,photo,8,Thursday,2023-04-13,34,28,76,62,81.57894736842105
16,https://maudie.org,4,2023-04-13 08:04:00,yes,photo,8,Thursday,2023-04-13,37,22,76,59,77.63157894736842
17,http://annamae.name,6,2023-04-13 08:04:00,yes,photo,8,Thursday,2023-04-13,36,23,76,59,77.63157894736842
18,https://mac.org,6,2023-04-13 08:04:00,no,photo,8,Thursday,2023-04-13,31,27,76,58,76.31578947368422
19,http://miracle.info,6,2023-04-13 08:04:00,yes,photo,8,Thursday,2023-04-13,35,34,76,69,90.78947368421053
20,http://emmet.com,6,2023-04-13 08:04:00,no,photo,8,Thursday,2023-04-13,35,26,76,61,80.26315789473685
21,https://lisa.com,6,2023-04-13 08:04:00,no,video,8,Thursday,2023-04-13,36,29,76,65,85.52631578947368
22,https://brooklyn.name,8,2023-04-13 08:04:00,no,video,8,Thursday,2023-04-13,28,34,76,62,81.57894736842105
23,http://madison.net,8,2023-04-13 08:04:00,yes,video,8,Thursday,2023-04-13,38,26,76,64,84.21052631578947
24,http://annie.name,8,2023-04-13 08:04:00,yes,video,8,Thursday,2023-04-13,35,26,76,61,80.26315789473685
25,http://darron.info,8,2023-04-13 08:04:00,yes,video,8,Thursday,2023-04-13,36,33,76,69,90.78947368421053
26,http://saige.com,9,2023-04-13 08:04:00,yes,video,8,Thursday,2023-04-13,30,33,76,63,82.89473684210526
27,https://reece.net,9,2023-04-13 08:04:00,no,carousel,8,Thursday,2023-04-13,31,27,76,58,76.31578947368422
28,http://vance.org,9,2023-04-13 08:04:00,yes,carousel,8,Thursday,2023-04-13,36,30,76,66,86.8421052631579
29,http://ignacio.net,9,2023-04-13 08:04:00,no,carousel,8,Thursday,2023-04-13,33,36,76,69,90.78947368421053
30,http://kenny.com,10,2023-04-13 08:04:00,no,carousel,8,Thursday,2023-04-13,41,30,76,71,93.42105263157895
31,http://remington.name,10,2023-04-13 08:04:00,no,carousel,8,Thursday,2023-04-13,31,34,76,65,85.52631578947368
32,http://kurtis.info,10,2023-04-13 08:04:00,yes,photo,8,Thursday,2023-04-13,33,26,76,59,77.63157894736842
33,https://alisha.com,11,2023-04-13 08:04:00,yes,photo,8,Thursday,2023-04-13,29,33,76,62,81.57894736842105
34,https://henderson.com,11,2023-04-13 08:04:00,yes,carousel,8,Thursday,2023-04-13,32,25,76,57,75.0
35,http://bonnie.info,11,2023-04-13 08:04:00,yes,video,8,Thursday,2023-04-13,32,33,76,65,85.52631578947368
36,http://kennith.net,11,2023-04-13 08:04:00,no,photo,8,Thursday,2023-04-13,35,29,76,64,84.21052631578947
37,http://camille.name,11,2023-04-13 08:04:00,yes,photo,8,Thursday,2023-04-13,38,27,76,65,85.52631578947368
38,http://alena.net,12,2023-04-13 08:04:00,no,photo,8,Thursday,2023-04-13,31,29,76,60,78.94736842105263
39,http://ralph.name,12,2023-04-13 08:04:00,no,carousel,8,Thursday,2023-04-13,34,29,76,63,82.89473684210526
40,https://tyshawn.com,12,2023-04-13 08:04:00,no,video,8,Thursday,2023-04-13,37,28,76,65,85.52631578947368
41,https://adella.net,12,2023-04-13 08:04:00,yes,photo,8,Thursday,2023-04-13,38,31,76,69,90.78947368421053
42,https://cielo.info,13,2023-04-13 08:04:00,yes,photo,8,Thursday,2023-04-13,37,30,76,67,88.1578947368421
43,https://easter.net,13,2023-04-13 08:04:00,yes,photo,8,Thursday,2023-04-13,37,31,76,68,89.47368421052632
44,http://golden.org,13,2023-04-13 08:04:00,yes,carousel,8,Thursday,2023-04-13,39,26,76,65,85.52631578947368
45,http://kendall.biz,13,2023-04-13 08:04:00,no,video,8,Thursday,2023-04-13,34,29,76,63,82.89473684210526
46,https://glenda.info,13,2023-04-13 08:04:00,yes,photo,8,Thursday,2023-04-13,34,32,76,66,86.8421052631579
47,http://dominic.biz,15,2023-04-13 08:04:00,no,photo,8,Thursday,2023-04-13,30,24,76,54,71.05263157894737
48,http://tressie.info,15,2023-04-13 08:04:00,no,photo,8,Thursday,2023-04-13,35,28,76,63,82.89473684210526
49,http://estevan.org,15,2023-04-13 08:04:00,no,carousel,8,Thursday,2023-04-13,37,29,76,66,86.8421052631579
50,http://zena.com,15,2023-04-13 08:04:00,yes,video,8,Thursday,2023-04-13,27,34,76,61,80.26315789473685
51,https://abagail.com,16,2023-04-13 08:04:00,yes,photo,8,Thursday,2023-04-13,29,31,76,60,78.94736842105263
52,https://hershel.com,16,2023-04-13 08:04:00,yes,photo,8,Thursday,2023-04-13,41,30,76,71,93.42105263157895
53,http://collin.com,16,2023-04-13 08:04:00,yes,photo,8,Thursday,2023-04-13,36,33,76,69,90.78947368421053
54,https://clair.com,16,2023-04-13 08:04:00,no,carousel,8,Thursday,2023-04-13,31,32,76,63,82.89473684210526
55,https://deondre.com,17,2023-04-13 08:04:00,yes,video,8,Thursday,2023-04-13,35,27,76,62,81.57894736842105
56,http://tristin.name,17,2023-04-13 08:04:00,no,photo,8,Thursday,2023-04-13,36,31,76,67,88.1578947368421
57,http://kirk.org,17,2023-04-13 08:04:00,no,photo,8,Thursday,2023-04-13,37,25,76,62,81.57894736842105
58,https://modesta.info,18,2023-04-13 08:04:00,no,photo,8,Thursday,2023-04-13,36,31,76,67,88.1578947368421
59,http://rylan.biz,19,2023-04-13 08:04:00,yes,carousel,8,Thursday,2023-04-13,37,25,76,62,81.57894736842105
60,https://noemie.com,19,2023-04-13 08:04:00,yes,video,8,Thursday,2023-04-13,32,31,76,63,82.89473684210526
61,https://dejon.name,20,2023-04-13 08:04:00,yes,photo,8,Thursday,2023-04-13,41,24,76,65,85.52631578947368
62,https://rigoberto.net,22,2023-04-13 08:04:00,yes,photo,8,Thursday,2023-04-13,39,31,76,70,92.10526315789474
63,http://megane.biz,23,2023-04-13 08:04:00,no,photo,8,Thursday,2023-04-13,38,27,77,65,84.4155844155844
64,http://emmalee.org,23,2023-04-13 08:04:00,yes,carousel,8,Thursday,2023-04-13,34,30,77,64,83.11688311688312
65,http://nathan.net,23,2023-04-13 08:04:00,no,video,8,Thursday,2023-04-13,33,24,77,57,74.02597402597402
66,http://lionel.net,23,2023-04-13 08:04:00,no,photo,8,Thursday,2023-04-13,39,28,77,67,87.01298701298701
67,http://danyka.net,23,2023-04-13 08:04:00,no,photo,8,Thursday,2023-04-13,35,29,77,64,83.11688311688312
68,https://woodrow.com,23,2023-04-13 08:04:00,yes,photo,8,Thursday,2023-04-13,34,30,77,64,83.11688311688312
69,http://harvey.info,23,2023-04-13 08:04:00,yes,carousel,8,Thursday,2023-04-13,38,24,77,62,80.51948051948052
70,http://aiden.org,23,2023-04-13 08:04:00,yes,video,8,Thursday,2023-04-13,34,26,77,60,77.92207792207793
71,https://tito.name,23,2023-04-13 08:04:00,yes,photo,8,Thursday,2023-04-13,37,26,77,63,81.81818181818183
72,https://julian.net,23,2023-04-13 08:04:00,no,photo,8,Thursday,2023-04-13,33,29,77,62,80.51948051948052
73,https://mafalda.org,23,2023-04-13 08:04:00,yes,photo,8,Thursday,2023-04-13,31,29,77,60,77.92207792207793
74,http://verner.org,23,2023-04-13 08:04:00,no,carousel,8,Thursday,2023-04-13,34,27,77,61,79.22077922077922
75,https://elmore.org,26,2023-04-13 08:04:00,no,video,8,Thursday,2023-04-13,33,31,76,64,84.21052631578947
76,http://kasandra.com,26,2023-04-13 08:04:00,no,photo,8,Thursday,2023-04-13,32,28,76,60,78.94736842105263
77,https://jarret.info,26,2023-04-13 08:04:00,yes,photo,8,Thursday,2023-04-13,35,28,76,63,82.89473684210526
78,http://einar.net,26,2023-04-13 08:04:00,yes,photo,8,Thursday,2023-04-13,34,28,76,62,81.57894736842105
79,http://terry.info,26,2023-04-13 08:04:00,yes,carousel,8,Thursday,2023-04-13,34,26,76,60,78.94736842105263
80,https://holden.com,27,2023-04-13 08:04:00,yes,video,8,Thursday,2023-04-13,35,29,76,64,84.21052631578947
81,https://jacinto.org,28,2023-04-13 08:04:00,no,photo,8,Thursday,2023-04-13,38,26,76,64,84.21052631578947
82,https://geoffrey.info,28,2023-04-13 08:04:00,yes,photo,8,Thursday,2023-04-13,35,27,76,62,81.57894736842105
83,http://paxton.com,28,2023-04-13 08:04:00,no,photo,8,Thursday,2023-04-13,31,30,76,61,80.26315789473685
84,https://trinity.biz,28,2023-04-13 08:04:00,no,carousel,8,Thursday,2023-04-13,35,30,76,65,85.52631578947368
85,http://fabiola.org,29,2023-04-13 08:04:00,no,video,8,Thursday,2023-04-13,36,26,77,62,80.51948051948052
86,https://bryce.org,29,2023-04-13 08:04:00,yes,photo,8,Thursday,2023-04-13,34,28,77,62,80.51948051948052
87,http://emery.net,29,2023-04-13 08:04:00,yes,photo,8,Thursday,2023-04-13,37,25,77,62,80.51948051948052
88,https://marian.biz,29,2023-04-13 08:04:00,yes,photo,8,Thursday,2023-04-13,33,32,77,65,84.4155844155844
89,https://kennedi.org,29,2023-04-13 08:04:00,yes,carousel,8,Thursday,2023-04-13,32,32,77,64,83.11688311688312
90,https://fanny.net,29,2023-04-13 08:04:00,no,video,8,Thursday,2023-04-13,36,32,77,68,88.31168831168831
91,http://lottie.net,29,2023-04-13 08:04:00,yes,photo,8,Thursday,2023-04-13,34,28,77,62,80.51948051948052
92,http://lacy.biz,29,2023-04-13 08:04:00,no,photo,8,Thursday,2023-04-13,29,26,77,55,71.42857142857143
93,https://jensen.name,30,2023-04-13 08:04:00,no,photo,8,Thursday,2023-04-13,31,29,76,60,78.94736842105263
94,http://virginia.org,30,2023-04-13 08:04:00,no,carousel,8,Thursday,2023-04-13,34,30,76,64,84.21052631578947
95,https://ariel.net,31,2023-04-13 08:04:00,yes,video,8,Thursday,2023-04-13,28,35,76,63,82.89473684210526
96,http://roger.info,32,2023-04-13 08:04:00,yes,photo,8,Thursday,2023-04-13,32,26,76,58,76.31578947368422
97,https://carolanne.com,32,2023-04-13 08:04:00,yes,photo,8,Thursday,2023-04-13,40,32,76,72,94.73684210526315
98,https://margarita.info,32,2023-04-13 08:04:00,yes,photo,8,Thursday,2023-04-13,34,28,76,62,81.57894736842105
99,https://kayden.biz,32,2023-04-13 08:04:00,no,carousel,8,Thursday,2023-04-13,34,32,76,66,86.8421052631579
100,https://brook.com,33,2023-04-13 08:04:00,yes,video,8,Thursday,2023-04-13,39,27,76,66,86.8421052631579
101,https://gust.net,33,2023-04-13 08:04:00,no,photo,8,Thursday,2023-04-13,36,23,76,59,77.63157894736842
102,http://bridie.name,33,2023-04-13 08:04:00,no,photo,8,Thursday,2023-04-13,34,27,76,61,80.26315789473685
103,http://barton.name,33,2023-04-13 08:04:00,no,photo,8,Thursday,2023-04-13,35,30,76,65,85.52631578947368
104,https://karina.biz,33,2023-04-13 08:04:00,yes,carousel,8,Thursday,2023-04-13,31,34,76,65,85.52631578947368
105,https://mariam.com,35,2023-04-13 08:04:00,yes,video,8,Thursday,2023-04-13,33,29,76,62,81.57894736842105
106,https://trycia.com,35,2023-04-13 08:04:00,yes,photo,8,Thursday,2023-04-13,36,24,76,60,78.94736842105263
107,https://everette.biz,37,2023-04-13 08:04:00,yes,photo,8,Thursday,2023-04-13,39,26,76,65,85.52631578947368
108,http://boris.biz,38,2023-04-13 08:04:00,no,photo,8,Thursday,2023-04-13,29,32,76,61,80.26315789473685
109,http://arthur.name,38,2023-04-13 08:04:00,yes,carousel,8,Thursday,2023-04-13,33,28,76,61,80.26315789473685
110,https://cesar.com,39,2023-04-13 08:04:00,no,video,8,Thursday,2023-04-13,39,27,76,66,86.8421052631579
111,http://charlie.com,40,2023-04-13 08:04:00,no,photo,8,Thursday,2023-04-13,33,26,76,59,77.63157894736842
112,https://lina.biz,42,2023-04-13 08:04:00,no,photo,8,Thursday,2023-04-13,35,31,76,66,86.8421052631579
113,https://darwin.net,42,2023-04-13 08:04:00,yes,photo,8,Thursday,2023-04-13,36,30,76,66,86.8421052631579
114,https://aliyah.biz,42,2023-04-13 08:04:00,yes,carousel,8,Thursday,2023-04-13,32,26,76,58,76.31578947368422
115,http://euna.info,43,2023-04-13 08:04:00,yes,video,8,Thursday,2023-04-13,31,31,76,62,81.57894736842105
116,https://maymie.net,43,2023-04-13 08:04:00,yes,photo,8,Thursday,2023-04-13,36,33,76,69,90.78947368421053
117,http://joanie.name,43,2023-04-13 08:04:00,no,photo,8,Thursday,2023-04-13,35,27,76,62,81.57894736842105
118,http://whitney.net,43,2023-04-13 08:04:00,yes,photo,8,Thursday,2023-04-13,39,35,76,74,97.36842105263158
119,http://garrison.name,43,2023-04-13 08:04:00,no,carousel,8,Thursday,2023-04-13,39,28,76,67,88.1578947368421
120,https://olga.org,44,2023-04-13 08:04:00,no,video,8,Thursday,2023-04-13,37,29,76,66,86.8421052631579
121,https://donavon.org,44,2023-04-13 08:04:00,no,photo,8,Thursday,2023-04-13,34,31,76,65,85.52631578947368
122,http://moses.biz,44,2023-04-13 08:04:00,yes,photo,8,Thursday,2023-04-13,33,27,76,60,78.94736842105263
123,http://shannon.org,44,2023-04-13 08:04:00,yes,photo,8,Thursday,2023-04-13,42,31,76,73,96.05263157894737
124,http://kendrick.net,46,2023-04-13 08:04:00,yes,carousel,8,Thursday,2023-04-13,34,33,76,67,88.1578947368421
125,https://carey.com,46,2023-04-13 08:04:00,yes,video,8,Thursday,2023-04-13,33,27,76,60,78.94736842105263
126,http://lia.biz,46,2023-04-13 08:04:00,no,photo,8,Thursday,2023-04-13,35,31,76,66,86.8421052631579
127,https://celestine.name,46,2023-04-13 08:04:00,yes,photo,8,Thursday,2023-04-13,43,30,76,73,96.05263157894737
128,http://laila.info,47,2023-04-13 08:04:00,no,photo,8,Thursday,2023-04-13,34,32,76,66,86.8421052631579
129,http://buddy.com,47,2023-04-13 08:04:00,no,carousel,8,Thursday,2023-04-13,29,23,76,52,68.42105263157895
130,http://americo.biz,47,2023-04-13 08:04:00,no,video,8,Thursday,2023-04-13,29,35,76,64,84.21052631578947
131,http://lurline.info,47,2023-04-13 08:04:00,yes,photo,8,Thursday,2023-04-13,29,26,76,55,72.36842105263158
132,http://kailee.org,47,2023-04-13 08:04:00,yes,photo,8,Thursday,2023-04-13,30,30,76,60,78.94736842105263
133,https://edyth.com,48,2023-04-13 08:04:00,yes,photo,8,Thursday,2023-04-13,37,34,76,71,93.42105263157895
134,https://isaias.biz,50,2023-04-13 08:04:00,yes,carousel,8,Thursday,2023-04-13,34,24,76,58,76.31578947368422
135,http://rosetta.net,50,2023-04-13 08:04:00,no,video,8,Thursday,2023-04-13,29,30,76,59,77.63157894736842
136,https://marianna.info,50,2023-04-13 08:04:00,yes,photo,8,Thursday,2023-04-13,35,34,76,69,90.78947368421053
137,https://roel.org,51,2023-04-13 08:04:00,no,photo,8,Thursday,2023-04-13,35,29,77,64,83.11688311688312
138,http://julia.info,51,2023-04-13 08:04:00,no,photo,8,Thursday,2023-04-13,34,28,77,62,80.51948051948052
139,https://seamus.org,51,2023-04-13 08:04:00,no,carousel,8,Thursday,2023-04-13,27,26,77,53,68.83116883116884
140,https://earline.info,51,2023-04-13 08:04:00,yes,video,8,Thursday,2023-04-13,33,31,77,64,83.11688311688312
141,http://quinten.info,51,2023-04-13 08:04:00,yes,photo,8,Thursday,2023-04-13,34,28,77,62,80.51948051948052
142,https://dolores.org,52,2023-04-13 08:04:00,yes,photo,8,Thursday,2023-04-13,32,28,76,60,78.94736842105263
143,https://aimee.info,52,2023-04-13 08:04:00,yes,photo,8,Thursday,2023-04-13,30,36,76,66,86.8421052631579
144,https://roderick.name,52,2023-04-13 08:04:00,no,carousel,8,Thursday,2023-04-13,39,23,76,62,81.57894736842105
145,https://jarret.name,52,2023-04-13 08:04:00,yes,video,8,Thursday,2023-04-13,48,27,76,75,98.68421052631578
146,https://cathrine.com,52,2023-04-13 08:04:00,no,photo,8,Thursday,2023-04-13,33,37,76,70,92.10526315789474
147,https://adela.com,55,2023-04-13 08:04:00,no,photo,8,Thursday,2023-04-13,41,34,76,75,98.68421052631578
148,https://demarco.com,56,2023-04-13 08:04:00,no,photo,8,Thursday,2023-04-13,33,28,76,61,80.26315789473685
149,https://lila.biz,58,2023-04-13 08:04:00,yes,carousel,8,Thursday,2023-04-13,34,32,77,66,85.71428571428571
150,http://ruben.net,58,2023-04-13 08:04:00,yes,video,8,Thursday,2023-04-13,38,27,77,65,84.4155844155844
151,https://alia.name,58,2023-04-13 08:04:00,yes,photo,8,Thursday,2023-04-13,32,30,77,62,80.51948051948052
152,http://rickey.name,58,2023-04-13 08:04:00,yes,photo,8,Thursday,2023-04-13,33,29,77,62,80.51948051948052
153,http://janie.com,58,2023-04-13 08:04:00,no,photo,8,Thursday,2023-04-13,40,32,77,72,93.5064935064935
154,http://myron.org,58,2023-04-13 08:04:00,yes,carousel,8,Thursday,2023-04-13,34,34,77,68,88.31168831168831
155,http://pearl.info,58,2023-04-13 08:04:00,no,video,8,Thursday,2023-04-13,38,27,77,65,84.4155844155844
156,http://victoria.biz,58,2023-04-13 08:04:00,no,photo,8,Thursday,2023-04-13,31,31,77,62,80.51948051948052
157,https://carmella.com,59,2023-04-13 08:04:00,no,photo,8,Thursday,2023-04-13,33,39,77,72,93.5064935064935
158,http://leo.com,59,2023-04-13 08:04:00,yes,photo,8,Thursday,2023-04-13,35,32,77,67,87.01298701298701
159,http://jedediah.net,59,2023-04-13 08:04:00,yes,carousel,8,Thursday,2023-04-13,31,27,77,58,75.32467532467533
160,http://sedrick.net,59,2023-04-13 08:04:00,yes,video,8,Thursday,2023-04-13,31,31,77,62,80.51948051948052
161,https://clare.org,59,2023-04-13 08:04:00,yes,photo,8,Thursday,2023-04-13,40,31,77,71,92.20779220779221
162,https://malcolm.name,59,2023-04-13 08:04:00,no,photo,8,Thursday,2023-04-13,38,28,77,66,85.71428571428571
163,https://lesly.com,59,2023-04-13 08:04:00,yes,photo,8,Thursday,2023-04-13,33,33,77,66,85.71428571428571
164,https://roberta.net,59,2023-04-13 08:04:00,no,carousel,8,Thursday,2023-04-13,32,31,77,63,81.81818181818183
165,https://estell.info,59,2023-04-13 08:04:00,no,video,8,Thursday,2023-04-13,29,26,77,55,71.42857142857143
166,http://kaleigh.biz,59,2023-04-13 08:04:00,no,photo,8,Thursday,2023-04-13,36,30,77,66,85.71428571428571
167,http://blanca.org,60,2023-04-13 08:04:00,yes,photo,8,Thursday,2023-04-13,31,29,76,60,78.94736842105263
168,http://delpha.com,60,2023-04-13 08:04:00,yes,photo,8,Thursday,2023-04-13,32,29,76,61,80.26315789473685
169,http://annabelle.org,61,2023-04-13 08:04:00,yes,carousel,8,Thursday,2023-04-13,38,28,76,66,86.8421052631579
170,http://ephraim.com,62,2023-04-13 08:04:00,yes,video,8,Thursday,2023-04-13,34,28,76,62,81.57894736842105
171,https://dameon.name,62,2023-04-13 08:04:00,no,photo,8,Thursday,2023-04-13,36,34,76,70,92.10526315789474
172,https://julianne.org,63,2023-04-13 08:04:00,yes,photo,8,Thursday,2023-04-13,32,29,76,61,80.26315789473685
173,https://jasmin.biz,63,2023-04-13 08:04:00,no,photo,8,Thursday,2023-04-13,34,29,76,63,82.89473684210526
174,https://delbert.net,63,2023-04-13 08:04:00,no,carousel,8,Thursday,2023-04-13,41,30,76,71,93.42105263157895
175,https://norval.com,63,2023-04-13 08:04:00,no,video,8,Thursday,2023-04-13,28,35,76,63,82.89473684210526
176,https://jessy.name,64,2023-04-13 08:04:00,yes,photo,8,Thursday,2023-04-13,33,35,77,68,88.31168831168831
177,https://nolan.name,64,2023-04-13 08:04:00,yes,photo,8,Thursday,2023-04-13,36,27,77,63,81.81818181818183
178,http://devon.info,64,2023-04-13 08:04:00,yes,photo,8,Thursday,2023-04-13,37,33,77,70,90.9090909090909
179,http://ora.net,64,2023-04-13 08:04:00,yes,carousel,8,Thursday,2023-04-13,30,21,77,51,66.23376623376623
180,https://vivien.com,64,2023-04-13 08:04:00,no,video,8,Thursday,2023-04-13,39,29,77,68,88.31168831168831
181,https://hilda.info,65,2023-04-13 08:04:00,yes,photo,8,Thursday,2023-04-13,35,31,76,66,86.8421052631579
182,https://dorcas.biz,65,2023-04-13 08:04:00,no,photo,8,Thursday,2023-04-13,43,28,76,71,93.42105263157895
183,http://hettie.net,65,2023-04-13 08:04:00,no,photo,8,Thursday,2023-04-13,38,30,76,68,89.47368421052632
184,http://rico.biz,65,2023-04-13 08:04:00,no,carousel,8,Thursday,2023-04-13,30,24,76,54,71.05263157894737
185,http://jody.biz,65,2023-04-13 08:04:00,yes,video,8,Thursday,2023-04-13,33,29,76,62,81.57894736842105
186,http://sheila.com,67,2023-04-13 08:04:00,yes,photo,8,Thursday,2023-04-13,36,27,76,63,82.89473684210526
187,http://germaine.name,67,2023-04-13 08:04:00,yes,photo,8,Thursday,2023-04-13,31,33,76,64,84.21052631578947
188,https://mariane.org,67,2023-04-13 08:04:00,yes,photo,8,Thursday,2023-04-13,30,27,76,57,75.0
189,http://reva.com,69,2023-04-13 08:04:00,no,carousel,8,Thursday,2023-04-13,36,32,76,68,89.47368421052632
190,https://llewellyn.info,70,2023-04-13 08:04:00,yes,video,8,Thursday,2023-04-13,36,29,76,65,85.52631578947368
191,http://ellen.info,72,2023-04-13 08:04:00,no,photo,8,Thursday,2023-04-13,31,30,76,61,80.26315789473685
192,https://anahi.info,72,2023-04-13 08:04:00,no,photo,8,Thursday,2023-04-13,41,29,76,70,92.10526315789474
193,https://javonte.org,72,2023-04-13 08:04:00,no,photo,8,Thursday,2023-04-13,30,26,76,56,73.68421052631578
194,http://florine.org,72,2023-04-13 08:04:00,yes,carousel,8,Thursday,2023-04-13,29,30,76,59,77.63157894736842
195,http://marcellus.info,72,2023-04-13 08:04:00,yes,video,8,Thursday,2023-04-13,26,33,76,59,77.63157894736842
196,http://stan.biz,73,2023-04-13 08:04:00,yes,photo,8,Thursday,2023-04-13,38,35,76,73,96.05263157894737
197,http://jarred.net,77,2023-04-13 08:04:00,yes,photo,8,Thursday,2023-04-13,38,24,77,62,80.51948051948052
198,http://jovanny.net,77,2023-04-13 08:04:00,no,photo,8,Thursday,2023-04-13,37,32,77,69,89.6103896103896
199,http://linnie.com,77,2023-04-13 08:04:00,yes,carousel,8,Thursday,2023-04-13,39,23,77,62,80.51948051948052
200,http://dino.name,77,2023-04-13 08:04:00,no,video,8,Thursday,2023-04-13,34,35,77,69,89.6103896103896
201,https://jane.net,77,2023-04-13 08:04:00,no,photo,8,Thursday,2023-04-13,39,33,77,72,93.5064935064935
202,http://laney.name,77,2023-04-13 08:04:00,no,photo,8,Thursday,2023-04-13,31,27,77,58,75.32467532467533
203,http://trever.org,78,2023-04-13 08:04:00,yes,photo,8,Thursday,2023-04-13,37,30,76,67,88.1578947368421
204,http://emilie.net,78,2023-04-13 08:04:00,yes,carousel,8,Thursday,2023-04-13,35,28,76,63,82.89473684210526
205,http://ted.info,78,2023-04-13 08:04:00,yes,video,8,Thursday,2023-04-13,39,24,76,63,82.89473684210526
206,http://keshawn.org,78,2023-04-13 08:04:00,yes,photo,8,Thursday,2023-04-13,35,32,76,67,88.1578947368421
207,http://ole.info,78,2023-04-13 08:04:00,no,photo,8,Thursday,2023-04-13,31,29,76,60,78.94736842105263
208,https://ford.biz,79,2023-04-13 08:04:00,yes,photo,8,Thursday,2023-04-13,29,30,76,59,77.63157894736842
209,https://humberto.org,82,2023-04-13 08:04:00,no,carousel,8,Thursday,2023-04-13,34,27,76,61,80.26315789473685
210,http://penelope.info,82,2023-04-13 08:04:00,no,video,8,Thursday,2023-04-13,38,34,76,72,94.73684210526315
211,https://dimitri.info,84,2023-04-13 08:04:00,no,photo,8,Thursday,2023-04-13,36,24,76,60,78.94736842105263
212,http://cynthia.info,84,2023-04-13 08:04:00,yes,photo,8,Thursday,2023-04-13,37,31,76,68,89.47368421052632
213,http://princess.org,85,2023-04-13 08:04:00,yes,photo,8,Thursday,2023-04-13,35,27,76,62,81.57894736842105
214,https://ruthie.info,85,2023-04-13 08:04:00,yes,carousel,8,Thursday,2023-04-13,29,24,76,53,69.73684210526315
215,https://evan.name,86,2023-04-13 08:04:00,yes,video,8,Thursday,2023-04-13,29,33,77,62,80.51948051948052
216,http://deontae.org,86,2023-04-13 08:04:00,no,photo,8,Thursday,2023-04-13,30,33,77,63,81.81818181818183
217,https://timmy.info,86,2023-04-13 08:04:00,yes,photo,8,Thursday,2023-04-13,34,34,77,68,88.31168831168831
218,http://susie.info,86,2023-04-13 08:04:00,no,photo,8,Thursday,2023-04-13,32,30,77,62,80.51948051948052
219,http://hollis.com,86,2023-04-13 08:04:00,no,carousel,8,Thursday,2023-04-13,32,31,77,63,81.81818181818183
220,https://colt.org,86,2023-04-13 08:04:00,no,video,8,Thursday,2023-04-13,33,25,77,58,75.32467532467533
221,http://lucio.org,86,2023-04-13 08:04:00,yes,photo,8,Thursday,2023-04-13,34,30,77,64,83.11688311688312
222,http://germaine.org,86,2023-04-13 08:04:00,yes,photo,8,Thursday,2023-04-13,36,25,77,61,79.22077922077922
223,http://howard.net,86,2023-04-13 08:04:00,yes,photo,8,Thursday,2023-04-13,25,32,77,57,74.02597402597402
224,http://helena.name,87,2023-04-13 08:04:00,yes,carousel,8,Thursday,2023-04-13,31,29,76,60,78.94736842105263
225,https://celestino.name,87,2023-04-13 08:04:00,no,video,8,Thursday,2023-04-13,37,36,76,73,96.05263157894737
226,http://violet.info,87,2023-04-13 08:04:00,yes,photo,8,Thursday,2023-04-13,33,32,76,65,85.52631578947368
227,http://nigel.biz,87,2023-04-13 08:04:00,no,photo,8,Thursday,2023-04-13,39,35,76,74,97.36842105263158
228,https://noble.net,88,2023-04-13 08:04:00,no,photo,8,Thursday,2023-04-13,31,26,77,57,74.02597402597402
229,https://emilia.org,88,2023-04-13 08:04:00,no,carousel,8,Thursday,2023-04-13,32,29,77,61,79.22077922077922
230,http://destini.net,88,2023-04-13 08:04:00,yes,video,8,Thursday,2023-04-13,37,22,77,59,76.62337662337663
231,https://mariano.net,88,2023-04-13 08:04:00,yes,photo,8,Thursday,2023-04-13,34,26,77,60,77.92207792207793
232,https://brittany.org,88,2023-04-13 08:04:00,yes,photo,8,Thursday,2023-04-13,35,30,77,65,84.4155844155844
233,https://madaline.name,88,2023-04-13 08:04:00,yes,photo,8,Thursday,2023-04-13,34,29,77,63,81.81818181818183
234,https://devonte.name,88,2023-04-13 08:04:00,no,carousel,8,Thursday,2023-04-13,35,32,77,67,87.01298701298701
235,https://blanche.net,88,2023-04-13 08:04:00,yes,video,8,Thursday,2023-04-13,34,26,77,60,77.92207792207793
236,http://cali.net,88,2023-04-13 08:04:00,no,photo,8,Thursday,2023-04-13,30,26,77,56,72.72727272727273
237,http://mekhi.name,88,2023-04-13 08:04:00,no,photo,8,Thursday,2023-04-13,32,23,77,55,71.42857142857143
238,http://adela.com,88,2023-04-13 08:04:00,no,photo,8,Thursday,2023-04-13,27,30,77,57,74.02597402597402
239,https://devan.com,92,2023-04-13 08:04:00,yes,carousel,8,Thursday,2023-04-13,31,35,76,66,86.8421052631579
240,https://jarrett.name,92,2023-04-13 08:04:00,yes,video,8,Thursday,2023-04-13,30,28,76,58,76.31578947368422
241,https://sid.biz,92,2023-04-13 08:04:00,yes,photo,8,Thursday,2023-04-13,37,29,76,66,86.8421052631579
242,https://jadyn.name,93,2023-04-13 08:04:00,yes,photo,8,Thursday,2023-04-13,33,28,76,61,80.26315789473685
243,https://erik.com,93,2023-04-13 08:04:00,no,photo,8,Thursday,2023-04-13,35,29,76,64,84.21052631578947
244,http://freeda.biz,94,2023-04-13 08:04:00,yes,carousel,8,Thursday,2023-04-13,40,28,76,68,89.47368421052632
245,http://ayden.name,95,2023-04-13 08:04:00,no,video,8,Thursday,2023-04-13,33,26,76,59,77.63157894736842
246,https://kathleen.biz,95,2023-04-13 08:04:00,no,photo,8,Thursday,2023-04-13,31,29,76,60,78.94736842105263
247,https://helmer.org,96,2023-04-13 08:04:00,no,photo,8,Thursday,2023-04-13,28,39,76,67,88.1578947368421
248,https://maggie.info,96,2023-04-13 08:04:00,yes,photo,8,Thursday,2023-04-13,37,25,76,62,81.57894736842105
249,https://cecilia.net,96,2023-04-13 08:04:00,yes,carousel,8,Thursday,2023-04-13,34,34,76,68,89.47368421052632
250,http://ayla.org,97,2023-04-13 08:04:00,yes,video,8,Thursday,2023-04-13,31,23,76,54,71.05263157894737
251,https://elyssa.biz,97,2023-04-13 08:04:00,yes,photo,8,Thursday,2023-04-13,28,24,76,52,68.42105263157895
252,http://jennie.com,98,2023-04-13 08:04:00,no,photo,8,Thursday,2023-04-13,34,24,76,58,76.31578947368422
253,http://ryleigh.info,99,2023-04-13 08:04:00,yes,photo,8,Thursday,2023-04-13,32,26,76,58,76.31578947368422
254,https://darien.name,99,2023-04-13 08:04:00,no,carousel,8,Thursday,2023-04-13,31,26,76,57,75.0
255,https://xzavier.org,99,2023-04-13 08:04:00,no,video,8,Thursday,2023-04-13,33,29,76,62,81.57894736842105
256,https://kaela.name,100,2023-04-13 08:04:00,no,photo,8,Thursday,2023-04-13,41,29,76,70,92.10526315789474
257,http://dedrick.info,100,2023-04-13 08:04:00,yes,photo,8,Thursday,2023-04-13,36,24,76,60,78.94736842105263
